{"cameraMode":{"drawMode":0,"name":"Shaded","section":"Shading Mode"},"sceneLighting":false,"audioPlay":false,"sceneViewState":{"m_AlwaysRefresh":false,"showFog":true,"showSkybox":false,"showFlares":true,"showImageEffects":true,"showParticleSystems":true,"showVisualEffectGraphs":true,"m_FxEnabled":true},"in2DMode":false,"pivot":{"x":-0.0239221453666687,"y":-0.015000075101852417,"z":0.0024995803833007814},"rotation":{"x":0.1930416375398636,"y":-0.037082549184560779,"z":0.007295295130461454,"w":0.9804701805114746},"size":11.36924934387207,"orthographic":false}