{"cameraMode":{"drawMode":0,"name":"Shaded","section":"Shading Mode"},"sceneLighting":true,"audioPlay":false,"sceneViewState":{"m_AlwaysRefresh":false,"showFog":true,"showSkybox":true,"showFlares":true,"showImageEffects":true,"showParticleSystems":true,"showVisualEffectGraphs":true,"m_FxEnabled":true},"in2DMode":false,"pivot":{"x":3.7749998569488527,"y":0.2329999953508377,"z":-3.0769999027252199},"rotation":{"x":-0.03992104530334473,"y":-0.9513078927993774,"z":0.27190712094306948,"w":-0.13969947397708894},"size":0.1468675434589386,"orthographic":false}