{"cameraMode":{"drawMode":0,"name":"Shaded","section":"Shading Mode"},"sceneLighting":false,"audioPlay":false,"sceneViewState":{"m_AlwaysRefresh":false,"showFog":true,"showSkybox":false,"showFlares":true,"showImageEffects":true,"showParticleSystems":true,"showVisualEffectGraphs":true,"m_FxEnabled":true},"in2DMode":false,"pivot":{"x":-33.52940368652344,"y":16.864288330078126,"z":-26.622838973999025},"rotation":{"x":0.0017601937288418413,"y":-0.9929838180541992,"z":-0.11731620877981186,"w":-0.014901679009199143},"size":15.341958999633789,"orthographic":false}